单词,出现次数
lighter,198
transmission,96
pan,43
physics,38
satellite,33
fleet,31
microwave,28
calculation,26
bug,21
circuit,21
obtain,18
lab,17
authority,16
ray,16
stack,16
terminal,16
omit,14
transmit,14
tunnel,14
cafeteria,13
centimeter,13
translation,13
attendee,12
kilometer,12
malfunction,12
monument,12
publish,12
ceiling,11
impact,11
lamp,11
translator,11
asleep,10
cleaner,10
prediction,10
resemble,10
rumor,10
silently,10
mechanic,9
outage,9
preliminary,9
spill,9
absorb,8
annoy,8
aspect,8
calendar,8
reception,8
superior,8
technician,8
wrinkle,8
advisor,7
classify,7
e-book,7
mechanical,7
media,7
mild,7
shortly,7
alert,6
bound,6
cooperate,6
coordinate,6
exit,6
forbid,6
helmet,6
instructor,6
interfere,6
interrupt,6
junior,6
overhead,6
puzzle,6
upstairs,6
accomplishment,5
arc,5
captain,5
completion,5
copyright,5
deck,5
feedback,5
irregular,5
lately,5
minimize,5
nap,5
temporarily,5
unexpected,5
vacuum,5
accumulate,4
advancement,4
biology,4
briefcase,4
chilly,4
cloth,4
colorful,4
compartment,4
confirmation,4
contrary,4
delete,4
delicate,4
disable,4
editorial,4
elegant,4
elevator,4
enclose,4
escort,4
hardware,4
influential,4
memorize,4
midnight,4
partially,4
repeatedly,4
resume,4
retrieve,4
rider,4
serial,4
sofa,4
statue,4
strategic,4
terminate,4
thrill,4
uncomfortable,4
underground,4
urgent,4
accuracy,3
accurately,3
alike,3
antique,3
approximate,3
assignment,3
blanket,3
brake,3
cabin,3
cabinet,3
careless,3
cautious,3
cheer,3
clinic,3
correctly,3
countryside,3
cruise,3
deduction,3
designate,3
destination,3
disgust,3
distract,3
distribution,3
donate,3
drill,3
dull,3
equip,3
erase,3
excessive,3
faculty,3
flavor,3
generator,3
grocery,3
insert,3
inspect,3
intently,3
invention,3
junk,3
keyboard,3
lawn,3
leak,3
loudly,3
lounge,3
manual,3
mask,3
operational,3
oven,3
overview,3
permanently,3
photocopy,3
photographer,3
pill,3
polite,3
pollute,3
poster,3
projection,3
prominent,3
publicize,3
remainder,3
renew,3
signature,3
skim,3
sleepy,3
sleeve,3
spacious,3
spray,3
steadily,3
suitcase,3
textbook,3
thunderstorm,3
ton,3
trademark,3
traveler,3
unfamiliar,3
violin,3
accent,2
accommodate,2
administrator,2
afterward,2
airport,2
anew,2
appendix,2
appreciation,2
artistic,2
assembly,2
await,2
basket,2
bulk,2
carrier,2
classmate,2
clerk,2
closet,2
closure,2
collaboration,2
convenient,2
creativity,2
defect,2
demolish,2
dependence,2
desperate,2
disagreement,2
disappointment,2
dislike,2
downstairs,2
duration,2
dynamic,2
electrical,2
elevate,2
embed,2
enthusiast,2
fasten,2
faulty,2
fluctuate,2
fog,2
founder,2
fry,2
hallway,2
hesitation,2
highway,2
homeless,2
indicator,2
inefficient,2
institute,2
insufficient,2
internet,2
knowledgeable,2
lifestyle,2
locally,2
loyal,2
meaningful,2
merge,2
mosquito,2
noisy,2
notify,2
occurrence,2
organizer,2
outdated,2
outlet,2
overnight,2
overtime,2
paperwork,2
photography,2
pillow,2
protective,2
refresh,2
renovation,2
residence,2
safely,2
sculpture,2
sharply,2
shorten,2
sincerely,2
smoothly,2
someday,2
soup,2
strictly,2
stripe,2
suburb,2
sunny,2
supervisor,2
tablet,2
tactic,2
thoroughly,2
trash,2
unemployed,2
unpleasant,2
upgrade,2
vacation,2
verify,2
violate,2
whoever,2
worthwhile,2
aboard,1
accessible,1
activate,1
actively,1
adhere,1
administrative,1
affirmative,1
airplane,1
alternate,1
ample,1
amuse,1
anytime,1
applicable,1
architect,1
attain,1
authorization,1
authorize,1
automate,1
badge,1
bake,1
balcony,1
balloon,1
battery,1
beginner,1
behalf,1
bench,1
beneficial,1
bicycle,1
birthday,1
bookstore,1
booth,1
cab,1
calculator,1
caller,1
cargo,1
carpenter,1
cart,1
cartridge,1
celebrity,1
chemistry,1
clap,1
clarify,1
clip,1
commuter,1
compensate,1
conductor,1
consecutive,1
considerate,1
consistently,1
consumption,1
contradiction,1
convenience,1
convey,1
cord,1
correction,1
decorate,1
decoration,1
depart,1
descriptive,1
desirable,1
detach,1
devastate,1
developer,1
diagram,1
dial,1
disposal,1
disrupt,1
disruption,1
dock,1
documentation,1
efficiently,1
embassy,1
enjoyable,1
enthusiastically,1
evenly,1
evident,1
expertise,1
explanatory,1
explorer,1
fabric,1
familiarize,1
farewell,1
favorable,1
fax,1
ferry,1
flaw,1
flour,1
fluent,1
flyer,1
folder,1
formally,1
fortunately,1
frustrate,1
furnish,1
garage,1
garbage,1
genre,1
guidance,1
habitual,1
harmful,1
headphone,1
hereby,1
hobby,1
homemade,1
hungry,1
icy,1
identification,1
impatient,1
inappropriate,1
incomplete,1
informative,1
inquire,1
inspection,1
inspiration,1
installation,1
instruct,1
integral,1
interpreter,1
intersection,1
invaluable,1
irrelevant,1
irritate,1
jeans,1
jet,1
landlord,1
layout,1
lecturer,1
librarian,1
lifetime,1
logical,1
machinery,1
maximize,1
messenger,1
mister,1
modification,1
necessity,1
noon,1
oblige,1
optimistic,1
orientation,1
outdoor,1
outfit,1
outstanding,1
pad,1
pant,1
partial,1
patience,1
performer,1
periodically,1
photocopier,1
plausible,1
plug,1
portable,1
postcard,1
premium,1
prescription,1
programmer,1
prohibit,1
projector,1
promotional,1
query,1
quit,1
rack,1
rainy,1
realistic,1
receipt,1
rehearsal,1
rehearse,1
renewal,1
renovate,1
reopen,1
repetition,1
reproduce,1
reschedule,1
residential,1
retreat,1
reunion,1
sew,1
shortage,1
similarity,1
soccer,1
sometime,1
specification,1
spokesperson,1
streamline,1
subtract,1
supervise,1
tag,1
timely,1
timer,1
toll,1
tow,1
tropical,1
unhappy,1
unload,1
unnecessary,1
unsure,1
unused,1
upcoming,1
vendor,1
verbal,1
violation,1
vitamin,1
waiter,1
ward,1
warehouse,1
wisely,1
zoo,1
abide,0
absent,0
acceptance,0
accessory,0
acclaim,0
accordingly,0
accountant,0
accustom,0
actress,0
adapter,0
additionally,0
adjacent,0
administer,0
admission,0
advertiser,0
advisable,0
advisory,0
affordable,0
airfare,0
aisle,0
allergy,0
allocate,0
alternatively,0
amateur,0
ambassador,0
ambitious,0
amenity,0
anniversary,0
announcer,0
annually,0
anyhow,0
apology,0
appetizer,0
apple,0
appliance,0
applicant,0
appraisal,0
apprehensive,0
apprentice,0
architectural,0
archive,0
assemble,0
assurance,0
athletic,0
attendant,0
attire,0
attorney,0
auction,0
audit,0
audition,0
auditor,0
auditorium,0
authentic,0
auto,0
automatic,0
automobile,0
automotive,0
availability,0
backpack,0
bacteria,0
baggage,0
baker,0
bakery,0
ballroom,0
banker,0
bankrupt,0
bankruptcy,0
banquet,0
barbecue,0
bargain,0
baseball,0
basement,0
basketball,0
bathroom,0
bean,0
beforehand,0
beverage,0
biography,0
blueprint,0
boardroom,0
bonus,0
bookcase,0
booklet,0
brainstorm,0
broaden,0
brochure,0
broker,0
broom,0
browse,0
buffet,0
bulb,0
bulletin,0
businessman,0
businessperson,0
butter,0
by-law,0
bye,0
cage,0
campus,0
cancellation,0
candy,0
carton,0
cashier,0
casual,0
cater,0
caterer,0
caution,0
cellphone,0
certificate,0
certification,0
certify,0
chairperson,0
charitable,0
checkout,0
checkup,0
cheeseburger,0
chef,0
chronic,0
cinema,0
circulate,0
circulation,0
circus,0
cleanliness,0
client,0
cloudy,0
clue,0
collector,0
comb,0
comfortably,0
commerce,0
commonly,0
commute,0
compact,0
compatible,0
compile,0
compliance,0
complication,0
compliment,0
complimentary,0
comply,0
comprehension,0
concierge,0
conditioner,0
condominium,0
confidential,0
conform,0
congestion,0
congratulate,0
congratulation,0
consent,0
considerably,0
consignment,0
consultation,0
container,0
contestant,0
continental,0
contraction,0
contractor,0
contradict,0
conveniently,0
cookbook,0
cookie,0
cooler,0
coordinator,0
copier,0
cordless,0
correspondence,0
cosmetic,0
costly,0
costume,0
counselor,0
coupon,0
courier,0
courtesy,0
coworker,0
crane,0
culinary,0
cumulative,0
cushion,0
customize,0
daytime,0
deadline,0
dealership,0
debit,0
dedication,0
deduct,0
defective,0
definite,0
delegate,0
delicious,0
deluxe,0
dental,0
dentist,0
departmental,0
departure,0
dependable,0
desktop,0
dessert,0
deteriorate,0
diagnose,0
diagnostic,0
diamond,0
dine,0
diner,0
diploma,0
directory,0
discard,0
disconnect,0
discontinue,0
discrepancy,0
dishwasher,0
dispatch,0
dispose,0
dissatisfy,0
distraction,0
distractor,0
distributor,0
dive,0
dividend,0
documentary,0
donation,0
donut,0
doorman,0
dose,0
download,0
downsize,0
downtown,0
downturn,0
drastically,0
drawback,0
drawer,0
drought,0
drum,0
duplicate,0
durable,0
eager,0
earthquake,0
economical,0
economically,0
economist,0
economize,0
effectiveness,0
electrician,0
electronically,0
elephant,0
eligible,0
energetic,0
engagement,0
enroll,0
enrollment,0
enthusiasm,0
enthusiastic,0
entrepreneur,0
environmentally,0
escalator,0
ethics,0
euro,0
evacuate,0
excellence,0
exceptional,0
exclusive,0
exclusively,0
excursion,0
exemption,0
exotic,0
expedite,0
expiration,0
expire,0
extinguisher,0
facilitate,0
factual,0
familiarity,0
fare,0
fatigue,0
finalize,0
firefighter,0
firework,0
fiscal,0
fitness,0
fixture,0
flexibility,0
flextime,0
flu,0
footwear,0
foreman,0
fork,0
forum,0
foster,0
fountain,0
franchise,0
freelance,0
freight,0
freighter,0
fundraise,0
gallon,0
gardener,0
garment,0
gasoline,0
generalization,0
generic,0
generous,0
getaway,0
glove,0
goods,0
gossip,0
graduation,0
gram,0
graph,0
graphic,0
graphics,0
grill,0
gum,0
gym,0
gymnasium,0
hacker,0
hamburger,0
handbook,0
handy,0
hardworking,0
hazard,0
hazardous,0
headache,0
headquarter,0
healthcare,0
healthful,0
heater,0
hesitant,0
hike,0
hiker,0
homeowner,0
homework,0
honestly,0
hospitality,0
hotline,0
hourly,0
housekeep,0
housekeeper,0
humidity,0
hurricane,0
hygiene,0
ideally,0
illogical,0
imperative,0
inclusive,0
incoming,0
inconvenience,0
incur,0
indirect,0
individually,0
indoor,0
induction,0
inexpensive,0
inexperience,0
infer,0
inference,0
inflate,0
informal,0
ingredient,0
ink,0
innovative,0
inspector,0
interactive,0
intern,0
internationally,0
internship,0
intonation,0
introductory,0
inventory,0
invoice,0
itinerary,0
jam,0
jazz,0
jewelry,0
jog,0
journalism,0
juice,0
kilogram,0
kit,0
ladder,0
lane,0
laptop,0
laundry,0
layoff,0
lease,0
leisure,0
lengthy,0
letterhead,0
lifeguard,0
lightweight,0
likewise,0
liter,0
lobby,0
locker,0
login,0
logo,0
loyalty,0
luggage,0
luncheon,0
lunchtime,0
maam,0
mall,0
managerial,0
mandatory,0
massage,0
meantime,0
medication,0
memo,0
memorandum,0
mentor,0
merchandise,0
merchant,0
merger,0
merit,0
microphone,0
microscope,0
mileage,0
mineral,0
mini,0
misidentify,0
mislead,0
misplace,0
modem,0
morale,0
motorcycle,0
mower,0
nail,0
nationwide,0
neat,0
necklace,0
needy,0
newsletter,0
newsstand,0
nominate,0
nomination,0
nutrition,0
obligate,0
occupancy,0
occupant,0
occupation,0
oclock,0
officially,0
ongoing,0
opt,0
optional,0
orchestra,0
organizational,0
outlook,0
oval,0
overcharge,0
overcrowd,0
overdue,0
overlook,0
overpay,0
oversee,0
packet,0
painter,0
pamphlet,0
paperback,0
parade,0
paralegal,0
paraphrase,0
parcel,0
passport,0
password,0
pasta,0
pastry,0
patent,0
patron,0
payable,0
paycheck,0
payroll,0
pedestrian,0
penalize,0
pepper,0
periodical,0
personalize,0
pet,0
petition,0
pharmaceutical,0
pharmacist,0
pharmacy,0
physician,0
picnic,0
pie,0
pizza,0
placement,0
planner,0
plow,0
plumber,0
pole,0
polish,0
poorly,0
popcorn,0
popularity,0
portfolio,0
postage,0
postal,0
postpone,0
pottery,0
precede,0
prescribe,0
presenter,0
prestigious,0
preview,0
probable,0
productive,0
productivity,0
professionally,0
proficiency,0
profitable,0
promptly,0
proofread,0
prospective,0
provider,0
publicity,0
punctual,0
purchaser,0
purse,0
purser,0
quarterly,0
questionnaire,0
railway,0
raincoat,0
rainfall,0
realtor,0
rearrange,0
reassure,0
rebate,0
receptionist,0
recession,0
recipe,0
recipient,0
reconsider,0
recreation,0
recreational,0
recruiter,0
recruitment,0
recur,0
recycle,0
redecorate,0
redesign,0
referee,0
referral,0
refinery,0
reflexive,0
refreshment,0
refrigerator,0
refund,0
refundable,0
reimburse,0
reimbursement,0
reinforce,0
relaxation,0
reliability,0
relieve,0
relocate,0
relocation,0
reluctant,0
reminder,0
remodel,0
removal,0
renown,0
rental,0
renter,0
repairperson,0
replacement,0
reservation,0
resignation,0
respondent,0
restatement,0
restroom,0
retailer,0
reviewer,0
revision,0
revolutionize,0
rewrite,0
rubber,0
rug,0
runner,0
salad,0
salesman,0
salespeople,0
salesperson,0
salon,0
sandwich,0
satisfactory,0
sauna,0
scarf,0
scenery,0
scholarship,0
seafood,0
seaside,0
seasonal,0
sedan,0
seeker,0
seldom,0
seller,0
semester,0
seminar,0
sender,0
separately,0
sewer,0
shipment,0
shopper,0
showroom,0
shuttle,0
sidewalk,0
sightsee,0
signify,0
simplify,0
skate,0
skateboard,0
sketch,0
slot,0
smartphone,0
snack,0
snowy,0
soap,0
soar,0
sock,0
spa,0
spam,0
specially,0
specialty,0
spectator,0
spite,0
spouse,0
spreadsheet,0
stadium,0
staple,0
stapler,0
stationery,0
statistics,0
steak,0
steer,0
stereo,0
sticker,0
stimulus,0
stockbroker,0
stockholder,0
storeroom,0
submission,0
subscribe,0
subscriber,0
subscription,0
subsidize,0
substantially,0
subway,0
sue,0
suite,0
sunscreen,0
sunshine,0
superb,0
supermarket,0
surf,0
suspicious,0
sweater,0
tablecloth,0
tailor,0
takeover,0
taker,0
tasty,0
tech,0
teen,0
telecommunication,0
teller,0
tempt,0
tenant,0
termination,0
terrific,0
theft,0
thirsty,0
thorough,0
tidy,0
tile,0
timeline,0
timetable,0
toiletry,0
tomato,0
toner,0
towel,0
traditionally,0
trainee,0
trainer,0
transaction,0
transit,0
tray,0
tremendous,0
tuition,0
tuna,0
turnover,0
umbrella,0
unattended,0
unauthorized,0
unavailable,0
underline,0
underway,0
unlimited,0
unpaid,0
unplug,0
unreal,0
unreliable,0
unspecified,0
unusually,0
urgently,0
usage,0
utility,0
vacancy,0
vacant,0
vacate,0
valid,0
validate,0
vanilla,0
vase,0
vegetarian,0
vend,0
venue,0
videoconference,0
visa,0
volleyball,0
voucher,0
waitress,0
waive,0
walkway,0
wallet,0
warranty,0
webpage,0
weekday,0
wellness,0
whale,0
wheelchair,0
wildlife,0
willingness,0
windy,0
wireless,0
withdrawal,0
wool,0
workbook,0
workforce,0
workplace,0
workshop,0
worldwide,0
wristwatch,0
yearly,0
yen,0
yoga,0
