单词,本书出现次数,情况,可参考的原形（不是本词读音）,缺少记录的实际写法
trisolaran,113,暂无美式音标,,Trisolaran
trisolaris,89,暂无美式音标,,Trisolaris
wenjie,84,暂无美式音标,,Wenjie; WENJIE
princeps,64,暂无美式音标,,princeps; Princeps
sophon,61,暂无美式音标,,Sophon; sophon
eto,44,暂无美式音标,,ETO
ye's,39,暂无美式音标,,Ye's
miao,33,暂无美式音标,,Miao
bai,31,暂无美式音标,,Bai
sophons,28,暂无美式音标,,sophons; Sophons
qiang,27,暂无美式音标,,Qiang
mozi,22,暂无美式音标,,Mozi
trisolarans,21,暂无美式音标,,Trisolarans
redemptionists,19,暂无美式音标,,Redemptionists
v-suit,18,暂无美式音标,,V-suit
dong's,17,暂无美式音标,,Dong's
mhz,17,暂无美式音标,,MHz
weining,16,暂无美式音标,,Weining
khingan,14,暂无美式音标,,Khingan
shi's,14,暂无美式音标,,Shi's
yufei,14,暂无美式音标,,Yufei
tsinghua,13,暂无美式音标,,Tsinghua
ii,12,暂无美式音标,,II
tri-solar,12,暂无美式音标,,Tri-Solar; Tri-solar; tri-solar
xx,12,暂无美式音标,,XX
zhetai,11,暂无美式音标,,Zhetai
ruan,10,暂无美式音标,,Ruan
earth-trisolaris,9,暂无美式音标,,Earth-Trisolaris
wenjie's,9,暂无美式音标,,Wenjie's
ge,8,暂无美式音标,,Ge
human-formation,8,暂无美式音标,,human-formation
qijiatun,8,暂无美式音标,,Qijiatun
shang,8,暂无美式音标,,Shang
cixin,7,暂无美式音标,,Cixin
iii,7,暂无美式音标,,III
wenxue,7,暂无美式音标,,Wenxue
zhicheng,7,暂无美式音标,,Zhicheng
dehydratories,6,暂无美式音标,,dehydratories
dou,6,暂无美式音标,,Dou
kb,6,暂无美式音标,,KB
lei's,6,暂无美式音标,,Lei's
ruishan,6,暂无美式音标,,Ruishan
short-long-long-long-long,6,暂无美式音标,,short-long-long-long-long
yang's,6,暂无美式音标,,Yang's
bingbing,5,暂无美式音标,,Bingbing
cheng's,5,暂无美式音标,,Cheng's; CHENG'S
kh,5,暂无美式音标,,KH
mulin,5,暂无美式音标,,Mulin
pan-species,5,暂无美式音标,,Pan-Species
chang's,4,暂无美式音标,,Chang's
dahurian,4,暂无美式音标,,Dahurian
eto's,4,暂无美式音标,,ETO's
extra-trisolaran,4,暂无美式音标,,extra-Trisolaran
guo,4,暂无美式音标,,guo; Guo
guzheng,4,暂无美式音标,,Guzheng
hairen,4,暂无美式音标,,Hairen
henan,4,暂无美式音标,,Henan
liangxiang,4,暂无美式音标,,Liangxiang
long-long-long-short-short-short,4,暂无美式音标,,long-long-long-short-short-short
mantou,4,暂无美式音标,,mantou
miao's,4,暂无美式音标,,Miao's
mozi's,4,暂无美式音标,,Mozi's
poincar,4,暂无美式音标,,Poincar
qi's,4,暂无美式音标,,Qi's
qiang's,4,暂无美式音标,,Qiang's
shen's,4,暂无美式音标,,Shen's
xxxxxx,4,暂无美式音标,,XXXXXX
yi's,4,暂无美式音标,,Yi's
yufei's,4,暂无美式音标,,Yufei's
birch-bark,3,暂无美式音标,,Birch-bark; birch-bark
double-bomb,3,暂无美式音标,,double-bomb
iv,3,暂无美式音标,,IV
lihua,3,暂无美式音标,,Lihua
miyun,3,暂无美式音标,,Miyun
mqi,3,暂无美式音标,,mqi
princeps's,3,暂无美式音标,,princeps's
ruan's,3,暂无美式音标,,Ruan's
tou,3,暂无美式音标,,tou
wei's,3,暂无美式音标,,Wei's
zhetai's,3,暂无美式音标,,Zhetai's
aaaaa,2,暂无美式音标,,AAAAA
bai's,2,暂无美式音标,,Bai's
black-black,2,暂无美式音标,,black-black
black-white,2,暂无美式音标,,black-white
bn,2,暂无美式音标,,BN
bozan,2,暂无美式音标,,Bozan
chenciner,2,暂无美式音标,,Chenciner
chien-shiung,2,暂无美式音标,,Chien-Shiung
dehydratory,2,暂无美式音标,,dehydratory
dongfanghong,2,暂无美式音标,,Dongfanghong
double-star,2,暂无美式音标,,double-star
fishie,2,暂无美式音标,,fishie
hai,2,暂无美式音标,,Hai
hongjing,2,暂无美式音标,,Hongjing
hundred-day,2,暂无美式音标,,Hundred-Day
jinggang,2,暂无美式音标,,Jinggang
jiuzhang,2,暂无美式音标,,Jiuzhang
long-long-long-long-long,2,暂无美式音标,,long-long-long-long-long
long-long-long-short-short,2,暂无美式音标,,long-long-long-short-short
meat-meat,2,暂无美式音标,,meat-meat
mohe,2,暂无美式音标,,Mohe
mutual-sensing,2,暂无美式音标,,mutual-sensing
qun,2,暂无美式音标,,Qun
red-glowing,2,暂无美式音标,,red-glowing
redemptionist,2,暂无美式音标,,Redemptionist
sha's,2,暂无美式音标,,Sha's
shanxi,2,暂无美式音标,,Shanxi
short-short-long-long-long,2,暂无美式音标,,short-short-long-long-long
short-short-short-long-long,2,暂无美式音标,,short-short-short-long-long
six-dimensional,2,暂无美式音标,,six-dimensional
sophon's,2,暂无美式音标,,sophon's
trisolaran-formation,2,暂无美式音标,,Trisolaran-formation
ura,2,暂无美式音标,,ura
wangfujing,2,暂无美式音标,,Wangfujing
weisi,2,暂无美式音标,,Weisi
wen's,2,暂无美式音标,,Wen's
wmap,2,暂无美式音标,,WMAP
zhizi,2,暂无美式音标,,zhizi
zhongshu,2,暂无美式音标,,Zhongshu
zhou's,2,暂无美式音标,,Zhou's
a-three,1,暂无美式音标,,A-three
aliette,1,暂无美式音标,,Aliette
almost-familiar,1,暂无美式音标,,almost-familiar
already-cold,1,暂无美式音标,,already-cold
american-accented,1,暂无美式音标,,American-accented
anti-dialectical,1,暂无美式音标,,anti-dialectical
anti-science,1,暂无美式音标,,anti-science
arbutifolia,1,暂无美式音标,,arbutifolia
ase,1,暂无美式音标,,ASE
beijing-shijiazhuang,1,暂无美式音标,,Beijing-Shijiazhuang
belilovsky,1,暂无美式音标,,Belilovsky
bg,1,暂无美式音标,,bg
billion-light-year,1,暂无美式音标,,billion-light-year
bingwei,1,暂无美式音标,,Bingwei
bius,1,暂无美式音标,,bius
bodard,1,暂无美式音标,,Bodard
cademy,1,暂无美式音标,,CADEMY
cepiec,1,暂无美式音标,,CEPIEC
ceti,1,暂无美式音标,,Ceti
chen-ning,1,暂无美式音标,,Chen-Ning
chosenia,1,暂无美式音标,,Chosenia
ciences,1,暂无美式音标,,CIENCES
combarro,1,暂无美式音标,,Combarro
cpc,1,暂无美式音标,,CPC
czech-style,1,暂无美式音标,,Czech-style
dadao,1,暂无美式音标,,dadao
darkness-enclosed,1,暂无美式音标,,darkness-enclosed
day-night,1,暂无美式音标,,day-night
de-hy-drate,1,暂无美式音标,,De-hy-drate
de-urbanization,1,暂无美式音标,,de-urbanization
ding's,1,暂无美式音标,,Ding's
djs,1,仅原形有美式音标,dj,DJS
dongdan,1,暂无美式音标,,Dongdan
douard,1,暂无美式音标,,douard
double-shell,1,暂无美式音标,,double-shell
drm,1,暂无美式音标,,DRM
e-isbn,1,暂无美式音标,,e-ISBN
feng's,1,暂无美式音标,,Feng's
gain-reflective,1,暂无美式音标,,gain-reflective
gorinsky,1,暂无美式音标,,Gorinsky
gubing,1,暂无美式音标,,Gubing
guqin,1,暂无美式音标,,guqin
heilongtan,1,暂无美式音标,,Heilongtan
hinese,1,暂无美式音标,,HINESE
hohhot,1,暂无美式音标,,Hohhot
htm,1,暂无美式音标,,htm
huangpu,1,暂无美式音标,,Huangpu
hundred-some,1,暂无美式音标,,hundred-some
ite,1,暂无美式音标,,ITE
jingmi,1,暂无美式音标,,Jingmi
jiuquan,1,暂无美式音标,,Jiuquan
kardashev's,1,暂无美式音标,,Kardashev's
know's,1,暂无美式音标,,know's
kumoseki's,1,暂无美式音标,,Kumoseki's
left-right-left,1,暂无美式音标,,LEFT-RIGHT-LEFT
light-speech,1,暂无美式音标,,light-speech
lin's,1,暂无美式音标,,Lin's
long-long-short-short-short,1,暂无美式音标,,long-long-short-short-short
long-short-short-short-short,1,暂无美式音标,,long-short-short-short-short
luoshan,1,暂无美式音标,,Luoshan
macmillanspecialmarkets,1,暂无美式音标,,MacmillanSpecialMarkets
macmillanusa,1,暂无美式音标,,macmillanusa
macroatom,1,暂无美式音标,,macroatom
martiniere,1,暂无美式音标,,Martiniere
mesdm,1,暂无美式音标,,mesdm
micro-intelligence,1,暂无美式音标,,Micro-Intelligence
mirror-surfaced,1,暂无美式音标,,mirror-surfaced
moruo,1,暂无美式音标,,Moruo
multiply-encrypted,1,暂无美式音标,,multiply-encrypted
nand,1,暂无美式音标,,NAND
nange,1,暂无美式音标,,Nange
naone,1,暂无美式音标,,Naone
not-very-prominent,1,暂无美式音标,,not-very-prominent
ny,1,暂无美式音标,,NY
order-obeying,1,暂无美式音标,,order-obeying
p-n,1,暂无美式音标,,p-n
pao-li-si,1,暂无美式音标,,Pao-Li-Si
pl,1,暂无美式音标,,PL
post-transmission,1,暂无美式音标,,post-transmission
qian's,1,暂无美式音标,,Qian's
qsl,1,暂无美式音标,,qsl
re-hy-drate,1,暂无美式音标,,Re-hy-drate
red-collar,1,暂无美式音标,,red-collar
red-robed,1,暂无美式音标,,red-robed
rivacy,1,暂无美式音标,,rivacy
ruishan's,1,暂无美式音标,,Ruishan's
russian-style,1,暂无美式音标,,Russian-style
rx,1,暂无美式音标,,RX
saltman,1,暂无美式音标,,Saltman
sf,1,暂无美式音标,,SF
shao's,1,暂无美式音标,,Shao's
shenzhou,1,暂无美式音标,,Shenzhou
shvartsman,1,暂无美式音标,,Shvartsman
sino-mongolian,1,暂无美式音标,,Sino-Mongolian
sinotron,1,暂无美式音标,,Sinotron
site-selection,1,暂无美式音标,,Site-Selection
sphereless,1,暂无美式音标,,sphereless
stove-beds,1,暂无美式音标,,stove-beds
straw-cloth-straw-cloth,1,暂无美式音标,,STRAW-CLOTH-STRAW-CLOTH
subformations,1,暂无美式音标,,subformations
sundman,1,暂无美式音标,,Sundman
super-i-don't-know-what,1,暂无美式音标,,super-I-don't-know-what
superantenna,1,暂无美式音标,,superantenna
taihang,1,暂无美式音标,,Taihang
tim-ber,1,暂无美式音标,,Tim-ber
tnt,1,暂无美式音标,,TNT
tocumen,1,暂无美式音标,,Tocumen
tongren,1,暂无美式音标,,Tongren
tor-forge,1,暂无美式音标,,tor-forge
tripe-chomping,1,暂无美式音标,,tripe-chomping
trisolaris's,1,暂无美式音标,,Trisolaris's
tsung-dao,1,暂无美式音标,,Tsung-Dao
tt,1,暂无美式音标,,tt
ucsc,1,暂无美式音标,,UCSC
universit,1,暂无美式音标,,Universit
vely,1,暂无美式音标,,vely
very-long-baseline,1,暂无美式音标,,very-long-baseline
vlbi,1,暂无美式音标,,VLBI
weining's,1,暂无美式音标,,Weining's
xicheng,1,暂无美式音标,,Xicheng
yangquan,1,暂无美式音标,,Yangquan
youren,1,暂无美式音标,,Youren
yunhe,1,暂无美式音标,,Yunhe
zhang's,1,暂无美式音标,,Zhang's
zhumadian,1,暂无美式音标,,Zhumadian
zl,1,暂无美式音标,,zl
